machine_id,run_id,total_rows,slowdown_now_positive_rows,valid_5min_rows,invalid_5min_rows,positive_5min_rows,negative_5min_rows,positive_5min_percentage,valid_10min_rows,invalid_10min_rows,positive_10min_rows,negative_10min_rows,positive_10min_percentage
0890dcc046c079acc4de4202,1c32e36e-8e45-4887-823e-0ee6de7a5cfe,5187,19,5036,151,168,4868,3.336,4885,302,319,4566,6.5302
0890dcc046c079acc4de4202,5d46b502-68d6-4762-adf6-dfc2fa98f132,3439,115,3288,151,422,2866,12.8345,3137,302,723,2414,23.0475
0890dcc046c079acc4de4202,6835f125-a038-4092-beff-5107ae998b39,3600,9,3449,151,344,3105,9.9739,3299,301,644,2655,19.5211
0890dcc046c079acc4de4202,6ae194e7-276b-4eef-94d3-d67c6be4b535,3049,3,2898,151,153,2745,5.2795,2747,302,303,2444,11.0302
0890dcc046c079acc4de4202,795ee584-86ed-4fe5-b317-3d022b850274,5374,7,5047,327,166,4881,3.2891,4770,604,317,4453,6.6457
0890dcc046c079acc4de4202,89cdc34b-e02b-43b4-9284-144276df508a,8786,105,8484,302,256,8228,3.0174,8185,601,407,7778,4.9725
0890dcc046c079acc4de4202,90c048bb-46c5-4345-a113-d3bc37b876cb,3175,0,3024,151,0,3024,0.0,2873,302,0,2873,0.0
0890dcc046c079acc4de4202,91548461-a81c-48c6-9755-5ce04a90cc67,16,0,0,16,0,0,,0,16,0,0,
0890dcc046c079acc4de4202,aa94b19f-b5c4-474e-ba62-cf034f43347f,568,0,414,154,0,414,0.0,264,304,0,264,0.0
0890dcc046c079acc4de4202,b061a54a-3bc5-4bda-8e62-43c18a5efae6,1981,1979,1830,151,1830,0,100.0,1679,302,1679,0,100.0
0890dcc046c079acc4de4202,c3c80671-0ec8-4d3f-b82d-88838f02de24,538,536,388,150,388,0,100.0,238,300,238,0,100.0
7232bc533c21ce408d45d473,19127a70-e60c-4b47-b3e6-71e89175c174,211,45,119,92,105,14,88.2353,3,208,3,0,100.0
7232bc533c21ce408d45d473,1e11f9c7-7d25-4a5d-ae2a-f9bc6e91415d,2824,427,2190,634,839,1351,38.3105,1714,1110,917,797,53.5006
7232bc533c21ce408d45d473,5bca2646-6745-4bbb-987d-ccb0a4486506,3117,551,2405,712,895,1510,37.2141,1936,1181,905,1031,46.7459
7232bc533c21ce408d45d473,6c7905b0-5124-4d83-8709-a6176c981aec,1122,262,518,604,367,151,70.8494,266,856,266,0,100.0
7232bc533c21ce408d45d473,81d2476d-af90-434e-8518-502c7195564c,2209,380,1870,339,749,1121,40.0535,1628,581,990,638,60.8108
7232bc533c21ce408d45d473,93aafd38-c91e-42a7-b67f-90287b9dd6f7,671,145,116,555,116,0,100.0,0,671,0,0,
7232bc533c21ce408d45d473,96f661cc-1233-4539-a814-c4c352953500,758,88,247,511,144,103,58.2996,76,682,76,0,100.0
7232bc533c21ce408d45d473,adc86181-d9a4-4cf6-a8be-4be144db7799,1833,40,1685,148,389,1296,23.0861,1546,287,640,906,41.3972
7232bc533c21ce408d45d473,b1dd3935-56dd-4497-a77e-67128988e2c9,461,123,268,193,268,0,100.0,145,316,145,0,100.0
7232bc533c21ce408d45d473,d88b15dd-1915-43ca-90ef-69f31ff4d9c1,2548,303,1165,1383,311,854,26.6953,329,2219,117,212,35.5623
7232bc533c21ce408d45d473,ec61755d-b5be-42ac-875d-3123e92add7a,2642,115,1302,1340,62,1240,4.7619,694,1948,17,677,2.4496
7232bc533c21ce408d45d473,f3c83d3f-0563-4e35-aa47-2e79402b0105,2519,201,1789,730,472,1317,26.3835,1344,1175,592,752,44.0476
7232bc533c21ce408d45d473,f81f7ffe-2f6d-4479-937f-cc82e574c286,2698,649,2206,492,1254,952,56.845,1717,981,1383,334,80.5475
7232bc533c21ce408d45d473,fac82c2e-545a-402a-80f8-3d1fccb72c68,2578,503,1611,967,710,901,44.072,1152,1426,736,416,63.8889
a0f8c86097e55fbfa506d057,0d3afc7b-49b0-4614-acf1-9c81f3880c3e,1,0,0,1,0,0,,0,1,0,0,
a0f8c86097e55fbfa506d057,0ea1d17d-9a6f-49e7-94c0-13c1f43df241,16,6,0,16,0,0,,0,16,0,0,
a0f8c86097e55fbfa506d057,0fc9db54-83d3-456a-b9ea-1aa8a6f66cf9,38,36,5,33,5,0,100.0,0,38,0,0,
a0f8c86097e55fbfa506d057,28ca5ae9-faed-4da3-8350-e2605f94aa88,8480,1488,8125,355,3666,4459,45.12,7892,588,4123,3769,52.2428
a0f8c86097e55fbfa506d057,2e9f4457-2a7f-4647-87ed-b86ac6343d33,377,0,182,195,0,182,0.0,107,270,0,107,0.0
a0f8c86097e55fbfa506d057,373070d1-ba59-4244-88ab-2d44a21f4983,422,2,261,161,0,261,0.0,111,311,0,111,0.0
a0f8c86097e55fbfa506d057,4c9f7e66-830f-4c54-bfd5-f4d898f5464e,3866,2917,3753,113,3190,563,84.9987,3619,247,3195,424,88.2841
a0f8c86097e55fbfa506d057,67c192c0-13a4-427a-b8e3-193c8fd99883,6904,253,6536,368,1078,5458,16.4933,6300,604,1827,4473,29.0
a0f8c86097e55fbfa506d057,70577f8e-1430-4489-8602-2096521ab84e,5895,743,5603,292,1402,4201,25.0223,5387,508,1586,3801,29.4412
a0f8c86097e55fbfa506d057,baa2a6f4-7121-4bce-9c80-611ebc22ceaf,9188,362,8602,586,1747,6855,20.3092,8012,1176,2596,5416,32.4014
a0f8c86097e55fbfa506d057,c89dd147-c631-4848-a604-72c697e9da2b,2118,1771,2005,113,1985,20,99.0025,1895,223,1895,0,100.0
a0f8c86097e55fbfa506d057,cf6e2a7e-5b3d-4f7b-a21f-e9ffd68b5268,6123,479,5973,150,1071,4902,17.9307,5828,295,1437,4391,24.6568
a0f8c86097e55fbfa506d057,e4e219be-13ba-4874-aad6-93d0b6f5f289,3786,380,3419,367,690,2729,20.1813,3106,680,804,2302,25.8854
a0f8c86097e55fbfa506d057,ea7c3f9f-8a45-4892-8f21-a77488321622,642,555,533,109,533,0,100.0,415,227,415,0,100.0
a0f8c86097e55fbfa506d057,ee6b8dde-602e-4c14-b533-43bcfcba11ea,7090,4364,7013,77,6231,782,88.8493,6934,156,6555,379,94.5342
a0f8c86097e55fbfa506d057,f24e9c1a-f11e-405c-b663-45fa6e25c405,4000,106,3860,140,453,3407,11.7358,3713,287,749,2964,20.1724
a0f8c86097e55fbfa506d057,fc583c4c-4107-450e-959d-c74895b57935,7582,1982,7440,142,5277,2163,70.9274,7302,280,5746,1556,78.6908
d588df123ac0d0ce20b112ac,00f4a034-46ce-498e-b844-f1aa52fc6800,241,233,90,151,90,0,100.0,0,241,0,0,
d588df123ac0d0ce20b112ac,03b262cc-46f0-4837-a184-1eea22fdfdd0,2751,2552,2393,358,2335,58,97.5763,2044,707,2044,0,100.0
d588df123ac0d0ce20b112ac,1393199e-e815-400a-82b5-841b9333dd9d,118,53,0,118,0,0,,0,118,0,0,
d588df123ac0d0ce20b112ac,1e0bd844-6541-4320-8474-1b01bab00799,311,0,160,151,0,160,0.0,11,300,0,11,0.0
d588df123ac0d0ce20b112ac,22fc3390-8d4a-4b01-b11e-c10adffcab2d,1019,0,620,399,0,620,0.0,539,480,0,539,0.0
d588df123ac0d0ce20b112ac,2941b415-f1a0-477e-8e58-f2a565d8596e,9,0,0,9,0,0,,0,9,0,0,
d588df123ac0d0ce20b112ac,35472c29-8dd3-49be-8d6b-1984d158745d,8425,8395,8277,148,8277,0,100.0,8127,298,8127,0,100.0
d588df123ac0d0ce20b112ac,4397f500-a189-4953-8876-5dc623c08fc6,7,5,0,7,0,0,,0,7,0,0,
d588df123ac0d0ce20b112ac,6035cb87-b9f3-4e5d-90f3-c7fea3d65d9c,1380,795,500,880,392,108,78.4,155,1225,155,0,100.0
d588df123ac0d0ce20b112ac,6a1c86bc-1e52-4235-ac04-6d94cf1c3c5e,1124,557,697,427,299,398,42.8981,399,725,75,324,18.797
d588df123ac0d0ce20b112ac,9753a7c0-658b-4111-8e40-d347a98a680a,455,0,377,78,0,377,0.0,302,153,0,302,0.0
d588df123ac0d0ce20b112ac,a364637b-ebf8-43fa-8bd3-e46987008b24,302,221,94,208,94,0,100.0,0,302,0,0,
d588df123ac0d0ce20b112ac,af502e6e-1657-4248-8b91-ce01c14277b9,3926,53,3087,839,225,2862,7.2886,2699,1227,322,2377,11.9303
d588df123ac0d0ce20b112ac,bbe7c827-8a4d-4ba5-84f4-67c88a77fe20,378,40,212,166,0,212,0.0,101,277,0,101,0.0
d588df123ac0d0ce20b112ac,cb0385d1-3fc6-46f1-83c5-f7338a4e7bac,1252,1229,882,370,882,0,100.0,590,662,590,0,100.0
d588df123ac0d0ce20b112ac,cc2a1e74-06e7-4cb1-92cd-6b21a91f240f,474,362,87,387,87,0,100.0,0,474,0,0,
d588df123ac0d0ce20b112ac,d44d9f05-c8e5-4414-bf88-3fb655660786,31,0,0,31,0,0,,0,31,0,0,
d588df123ac0d0ce20b112ac,d4a43abe-57cb-4513-b782-4b927879f358,1347,6,774,573,0,774,0.0,504,843,0,504,0.0
d588df123ac0d0ce20b112ac,e306e14c-9612-40bb-8b61-12250414d159,89,87,0,89,0,0,,0,89,0,0,
d588df123ac0d0ce20b112ac,e4d80512-c282-45fb-8d13-e4e33eebfd72,203,0,57,146,0,57,0.0,0,203,0,0,
d588df123ac0d0ce20b112ac,e9728687-ec3e-4135-8582-5a86caa605eb,262,61,0,262,0,0,,0,262,0,0,
d588df123ac0d0ce20b112ac,ea135741-be28-4194-9093-62c736a22b9a,102,0,0,102,0,0,,0,102,0,0,
d588df123ac0d0ce20b112ac,ea150f23-2252-4244-b44d-e13113a7ea81,81,79,0,81,0,0,,0,81,0,0,
d588df123ac0d0ce20b112ac,f630b56e-4353-401a-bf40-5ed332d157f9,415,330,50,365,50,0,100.0,0,415,0,0,
d588df123ac0d0ce20b112ac,f7916592-eda5-4dcd-bc07-915466c4d513,387,239,0,387,0,0,,0,387,0,0,
